{"cameraMode":{"drawMode":0,"name":"Shaded","section":"Shading Mode"},"sceneLighting":true,"audioPlay":false,"sceneViewState":{"m_AlwaysRefresh":false,"showFog":true,"showSkybox":true,"showFlares":true,"showImageEffects":true,"showParticleSystems":true,"showVisualEffectGraphs":true,"m_FxEnabled":true},"in2DMode":false,"pivot":{"x":-2.7446372509002687,"y":0.812742292881012,"z":2.5914111137390138},"rotation":{"x":0.0042806691490113739,"y":0.9918090105056763,"z":-0.0345383882522583,"w":0.12291543930768967},"size":0.01084446907043457,"orthographic":false}